{
	"Info": {
		"Name": "Default",
		"Version": "1.0",
		"Resolution": {
			"X": 1280,
			"Y": 720
		},
		"SimulationDistance": {
			"X": 960,
			"Y": 540
		},
		"ColorBit": 32
	},
	"Base": {
		"Title": {
			"Config": {
				"TitlePos": {
					"X": 640,
					"Y": 360
				},
				"CaptionPos": {
					"X": 640,
					"Y": 600
				},
				"ModesPos": {
					"X": 640,
					"Y": 486
				},
				"ModesLineHeight": 32
			},
			"Image": {
				"BackGround": {
					"FilePath": "Image/Title/BackGround.png",
					"Pos": {
						"X": 640,
						"Y": 360
					},
					"Size": {
						"Width": 1280,
						"Height": 720
					}
				},
				"BackPlate_Small": {
					"FilePath": "Image/Title/BackPlate_Small.png",
					"Pos": {
						"X": 640,
						"Y": 600
					},
					"Size": {
						"Width": 382,
						"Height": 72
					}
				},
				"BackPlate_Big": {
					"FilePath": "Image/Title/BackPlate_Big.png",
					"Pos": {
						"X": 640,
						"Y": 550
					},
					"Size": {
						"Width": 243,
						"Height": 183
					}
				},
				"Selector": {
					"FilePath": "Image/Title/Selector.png",
					"Pos": {
						"X": 640,
						"Y": 488
					},
					"Size": {
						"Width": 243,
						"Height": 32
					}
				}
			},
			"Font": {
				"Title": {
					"FilePath": "Font/MPLUS1p-Medium.ttf",
					"FontName": "",
					"Position": 1,
					"Size": 40,
					"Thick": 10,
					"Edge": 1,
					"Space": -1
				},
				"Caption": {
					"FilePath": "Font/MPLUS1p-Medium.ttf",
					"FontName": "M PLUS 1p Medium",
					"Position": 1,
					"Size": 23,
					"Thick": 10,
					"Edge": 0,
					"Space": 2
				},
				"Modes": {
					"FilePath": "Font/MPLUS1p-Medium.ttf",
					"FontName": "M PLUS 1p Medium",
					"Position": 1,
					"Size": 22,
					"Thick": 10,
					"Edge": 0,
					"Space": 0
				}
			},
			"SE": {
				"Don": {
					"FilePath": "Sound/SE/Don.wav",
					"BufferNum": 1
				},
				"Ka": {
					"FilePath": "Sound/SE/Ka.wav",
					"BufferNum": 1
				}
			},
			"BGM": {

			}
		},
		"SongSelect": {
			"Config": {
				"BoxDistance": {
					"X": 40,
					"Y": 80
				},
				"SongBoxListPos": {
					"X": 640,
					"Y": 360
				}
			},
			"Image": {
				"BackGround": {
					"FilePath": "Image/SongSelect/BackGround.png",
					"Pos": {
						"X": 640,
						"Y": 360
					},
					"Size": {
						"Width": 1280,
						"Height": 720
					}
				},
				"Box": {
					"FilePath": "Image/SongSelect/Box.png",
					"Size": {
						"Width": 640,
						"Height": 64
					}
				}
			},
			"Font": {
				"Title": {
					"FilePath": "Font/MPLUS1p-Medium.ttf",
					"FontName": "M PLUS 1p Medium",
					"Position": 1,
					"Size": 28,
					"Thick": 10,
					"Edge": 0,
					"Space": 0
				},
				"SubTitle": {
					"FilePath": "Font/MPLUS1p-Medium.ttf",
					"FontName": "M PLUS 1p Medium",
					"Position": 1,
					"Size": 21,
					"Thick": 7,
					"Edge": 0,
					"Space": 0
				}
			},
			"SE": {
				"Don": {
					"FilePath": "Sound/SE/Don.wav",
					"BufferNum": 1
				},
				"Ka": {
					"FilePath": "Sound/SE/Ka.wav",
					"BufferNum": 1
				}
			},
			"BGM": {

			}
		},
		"Playing": {
			"Config": {
				"TitlePos": {
					"X": 1260,
					"Y": 50
				},
				"SubTitlePos": {
					"X": 1260,
					"Y": 90
				},
				"LaneExtendRate": 0.948,
				"JudgeUpperExplosionFrameTime": 12
			},
			"Image": {
				"BackGround": {
					"FilePath": "Image/Playing/BackGround.png",
					"Pos": {
						"X": 640,
						"Y": 360
					},
					"Size": {
						"Width": 1280,
						"Height": 720
					}
				},
				"LaneFrame": {
					"FilePath": "Image/Playing/LaneFrame.png",
					"Pos": {
						"X": 640,
						"Y": 257
					},
					"Size": {
						"Width": 1290,
						"Height": 216
					}
				},
				"Lane": {
					"FilePath": "Image/Playing/Lane.png",
					"Pos": {
						"X": 773.5,
						"Y": 251
					},
					"Size": {
						"Width": 1013,
						"Height": 130
					}
				},
				"Base": {
					"FilePath": "Image/Playing/Base.png",
					"Pos": {
						"X": 154,
						"Y": 270
					},
					"Size": {
						"Width": 340,
						"Height": 208
					}
				},
				"NamePlate": {
					"FilePath": "Image/Playing/NamePlate.png",
					"Pos": {
						"X": 94,
						"Y": 310
					},
					"Size": {
						"Width": 180,
						"Height": 58
					}
				},
				"MiniTaiko": {
					"FilePath": "Image/Playing/MiniTaiko.png",
					"Pos": {
						"X": 240,
						"Y": 265
					},
					"Size": {
						"Width": 120,
						"Height": 120
					}
				},
				"MiniTaiko_Don": {
					"FilePath": "Image/Playing/MiniTaiko_Don.png",
					"Pos": {
						"X": 240,
						"Y": 265
					},
					"Size": {
						"Width": 60,
						"Height": 120
					},
					"Div": {
						"X": 2,
						"Y": 1
					}
				},
				"MiniTaiko_Ka": {
					"FilePath": "Image/Playing/MiniTaiko_Ka.png",
					"Pos": {
						"X": 240,
						"Y": 265
					},
					"Size": {
						"Width": 60,
						"Height": 120
					},
					"Div": {
						"X": 2,
						"Y": 1
					}
				},
				"ComboNumber": {
					"FilePath": "Image/Playing/Number.png",
					"Pos": {
						"X": 240,
						"Y": 265
					},
					"Size": {
						"Width": 15,
						"Height": 30
					},
					"Div": {
						"X": 1,
						"Y": 13
					}
				},
				"Note": {
					"FilePath": "Image/Playing/Note.png",
					"Pos": {
						"X": 390,
						"Y": 251
					},
					"Div": {
						"X": 15,
						"Y": 1
					},
					"Size": {
						"Width": 128,
						"Height": 128
					}
				},
				"JudgeUnderExplosion": {
					"FilePath": "Image/Playing/JudgeUnderExplosion.png",
					"Pos": {
						"X": 390,
						"Y": 251
					},
					"Div": {
						"X": 18,
						"Y": 4
					},
					"Size": {
						"Width": 142,
						"Height": 142
					}
				},
				"JudgeUpperExplosion": {
					"FilePath": "Image/Playing/JudgeUpperExplosion.png",
					"Pos": {
						"X": 390,
						"Y": 251
					},
					"Div": {
						"X": 15,
						"Y": 1
					},
					"Size": {
						"Width": 142,
						"Height": 142
					}
				}
			},
			"Font": {
				"Title": {
					"FilePath": "Font/MPLUS1p-Medium.ttf",
					"FontName": "M PLUS 1p Medium",
					"Position": 2,
					"Size": 40,
					"Thick": 10,
					"Edge": 0,
					"Space": -2
				},
				"SubTitle": {
					"FilePath": "Font/MPLUS1p-Medium.ttf",
					"FontName": "M PLUS 1p Medium",
					"Position": 2,
					"Size": 20,
					"Thick": 6,
					"Edge": 0,
					"Space": 0
				}
			},
			"SE": {
				"Don": {
					"FilePath": "Sound/SE/Don.wav",
					"BufferNum": 1
				},
				"Ka": {
					"FilePath": "Sound/SE/Ka.wav",
					"BufferNum": 1
				},
				"Balloon": {
					"FilePath": "Sound/SE/Balloon.wav",
					"BufferNum": 1
				}
			},
			"BGM": {

			}
		},
		"Result": {
			"Config": {
				"TitlePos": {
					"X": 25,
					"Y": 75
				},
				"SubTitlePos": {
					"X": 25,
					"Y": 125
				},
				"ScorePos": {
					"X": 290,
					"Y": 200
				},
				"AccurecyPos": {
					"X": 480,
					"Y": 200
				},
				"GoodPos": {
					"X": 230,
					"Y": 311
				},
				"OkPos": {
					"X": 230,
					"Y": 370
				},
				"BadPos": {
					"X": 230,
					"Y": 429
				},
				"RollPos": {
					"X": 230,
					"Y": 524
				},
				"MaxComboPos": {
					"X": 230,
					"Y": 583
				}
			},
			"Image": {
				"BackGround": {
					"FilePath": "Image/Result/BackGround.png",
					"Pos": {
						"X": 640,
						"Y": 360
					},
					"Size": {
						"Width": 1280,
						"Height": 720
					}
				},
				"JudgeScore": {
					"FilePath": "Image/Result/JudgeScore.png",
					"Pos": {
						"X": 266,
						"Y": 447
					},
					"Size": {
						"Width": 480,
						"Height": 381
					}
				},
				"Accuracy": {
					"FilePath": "Image/Result/Accuracy.png",
					"Pos": {
						"X": 415,
						"Y": 200
					},
					"Size": {
						"Width": 183,
						"Height": 66
					}
				},
				"Score": {
					"FilePath": "Image/Result/Score.png",
					"Pos": {
						"X": 170,
						"Y": 200
					},
					"Size": {
						"Width": 286,
						"Height": 66
					}
				},
				"Number": {
					"FilePath": "Image/Result/Number.png",
					"Div": {
						"X": 1,
						"Y": 13
					},
					"Size": {
						"Width": 13,
						"Height": 26
					}
				},
				"Crown": {
					"FilePath": "Image/Result/Crown.png",
					"Pos": {
						"X": 187,
						"Y": 200
					},
					"Div": {
						"X": 4,
						"Y": 1
					},
					"Size": {
						"Width": 26,
						"Height": 19
					}
				}
			},
			"Font": {
				"Title": {
					"FilePath": "Font/MPLUS1p-Medium.ttf",
					"FontName": "M PLUS 1p Medium",
					"Position": 0,
					"Size": 50,
					"Thick": 10,
					"Edge": 0,
					"Space": -2
				},
				"SubTitle": {
					"FilePath": "Font/MPLUS1p-Medium.ttf",
					"FontName": "M PLUS 1p Medium",
					"Position": 0,
					"Size": 20,
					"Thick": 6,
					"Edge": 0,
					"Space": 0
				}
			},
			"SE": {
				"Don": {
					"FilePath": "Sound/SE/Don.wav",
					"BufferNum": 1
				},
				"Ka": {
					"FilePath": "Sound/SE/Ka.wav",
					"BufferNum": 1
				}
			},
			"BGM": {

			}
		}
	}
}