{
  "Info": {
    "Name": "Default",
    "Version": "1.0",
    "Resolution": {
      "X": 1280,
      "Y": 720
    },
    "SimulationDistance": {
      "X": 960,
      "Y": 540
    },
    "ColorBit": 32
  },
  "Config": {
    "Title": {
      "TitlePos": {
        "X": 640,
        "Y": 360
      },
      "CaptionPos": {
        "X": 640,
        "Y": 700
      }
    },
    "SongSelect": {
      "BoxDistance": {
        "X": 40,
        "Y": 80
      },
      "SongBoxListPos": {
        "X": 640,
        "Y": 360
      }
    },
    "Playing": {
      "TitlePos": {
        "X": 1260,
        "Y": 28
      },
      "SubTitlePos": {
        "X": 1260,
        "Y": 68
      }
    },
    "Result": {
      "TitlePos": {
        "X": 1260,
        "Y": 28
      },
      "SubTitlePos": {
        "X": 1260,
        "Y": 68
      }
    }
  },
  "Image": {
    "Title": {
      "BackGround": {
        "FilePath": "Image/Title/BackGround.png",
        "Pos": {
          "X": 640,
          "Y": 360
        },
        "Size": {
          "Width": 1280,
          "Height": 720
        }
      }
    },
    "SongSelect": {
      "BackGround": {
        "FilePath": "Image/SongSelect/BackGround.png",
        "Pos": {
          "X": 640,
          "Y": 360
        },
        "Size": {
          "Width": 1280,
          "Height": 720
        }
      },
      "Box": {
        "FilePath": "Image/SongSelect/Box.png",
        "Size": {
          "Width": 640,
          "Height": 64
        }
      }
    },
    "Playing": {
      "BackGround": {
        "FilePath": "Image/Playing/BackGround.png",
        "Pos": {
          "X": 640,
          "Y": 360
        },
        "Size": {
          "Width": 1280,
          "Height": 720
        }
      },
      "LaneFrame": {
        "FilePath": "Image/Playing/LaneFrame.png",
        "Pos": {
          "X": 640,
          "Y": 257
        },
        "Size": {
          "Width": 1290,
          "Height": 216
        }
      },
      "Lane": {
        "FilePath": "Image/Playing/Lane.png",
        "Pos": {
          "X": 773.5,
          "Y": 251
        },
        "Size": {
          "Width": 1013,
          "Height": 130
        }
      },
      "Base": {
        "FilePath": "Image/Playing/Base.png",
        "Pos": {
          "X": 154,
          "Y": 271
        },
        "Size": {
          "Width": 340,
          "Height": 208
        }
      },
      "NamePlate": {
        "FilePath": "Image/Playing/NamePlate.png",
        "Pos": {
          "X": 94,
          "Y": 311
        },
        "Size": {
          "Width": 180,
          "Height": 58
        }
      },
      "MiniTaiko": {
        "FilePath": "Image/Playing/MiniTaiko.png",
        "Pos": {
          "X": 240,
          "Y": 265
        },
        "Size": {
          "Width": 120,
          "Height": 120
        }
      },
      "MiniTaiko_Don": {
        "FilePath": "Image/Playing/MiniTaiko_Don.png",
        "Pos": {
          "X": 240,
          "Y": 265
        },
        "Size": {
          "Width": 60,
          "Height": 120
        },
        "Div": {
          "X": 2,
          "Y": 1
        }
      },
      "MiniTaiko_Ka": {
        "FilePath": "Image/Playing/MiniTaiko_Ka.png",
        "Pos": {
          "X": 240,
          "Y": 265
        },
        "Size": {
          "Width": 60,
          "Height": 120
        },
        "Div": {
          "X": 2,
          "Y": 1
        }
      },
      "ComboNumber": {
        "FilePath": "Image/Playing/Number.png",
        "Pos": {
          "X": 240,
          "Y": 265
        },
        "Size": {
          "Width": 20,
          "Height": 40
        },
        "Div": {
          "X": 1,
          "Y": 13
        }
      },
      "Note": {
        "FilePath": "Image/Playing/Note.png",
        "Pos": {
          "X": 390,
          "Y": 251
        },
        "Div": {
          "X": 15,
          "Y": 1
        },
        "Size": {
          "Width": 128,
          "Height": 128
        }
      }
    },
    "Result": {
      "BackGround": {
        "FilePath": "Image/Result/BackGround_Clear.png",
        "Pos": {
          "X": 640,
          "Y": 360
        }
      }
    }
  },
  "Font": {
    "Title": {
      "Title": {
        "FilePath": "Font/MPLUS1p-Medium.ttf",
        "FontName": "",
        "Position": 1,
        "Size": 40,
        "Thick": 10,
        "Edge": 1,
        "Space": -1
      },
      "Caption": {
        "FilePath": "Font/MPLUS1p-Medium.ttf",
        "FontName": "",
        "Position": 1,
        "Size": 30,
        "Thick": 10,
        "Edge": 1,
        "Space": -1
      }
    },
    "SongSelect": {
      "Title": {
        "FilePath": "Font/MPLUS1p-Medium.ttf",
        "FontName": "M PLUS 1p Medium",
        "Position": 1,
        "Size": 28,
        "Thick": 10,
        "Edge": 0,
        "Space": 0
      },
      "SubTitle": {
        "FilePath": "Font/MPLUS1p-Medium.ttf",
        "FontName": "M PLUS 1p Medium",
        "Position": 1,
        "Size": 21,
        "Thick": 7,
        "Edge": 0,
        "Space": 0
      }
    },
    "Playing": {
      "Title": {
        "FilePath": "Font/MPLUS1p-Medium.ttf",
        "FontName": "M PLUS 1p Medium",
        "Position": 2,
        "Size": 40,
        "Thick": 10,
        "Edge": 3,
        "Space": -2
      },
      "SubTitle": {
        "FilePath": "Font/MPLUS1p-Medium.ttf",
        "FontName": "M PLUS 1p Medium",
        "Position": 2,
        "Size": 20,
        "Thick": 6,
        "Edge": 2,
        "Space": -2
      }
    },
    "Result": {
      "Title": {
        "FilePath": "Font/MPLUS1p-Medium.ttf",
        "FontName": "M PLUS 1p Medium",
        "Position": 2,
        "Size": 40,
        "Thick": 10,
        "Edge": 3,
        "Space": -2
      },
      "SubTitle": {
        "FilePath": "Font/MPLUS1p-Medium.ttf",
        "FontName": "M PLUS 1p Medium",
        "Position": 2,
        "Size": 40,
        "Thick": 10,
        "Edge": 3,
        "Space": -2
      }
    }
  },
  "Sound": {
    "SE": {
      "Don": {
        "FilePath": "Sound/SE/Don.wav",
        "BufferNum": 1
      },
      "Ka": {
        "FilePath": "Sound/SE/Ka.wav",
        "BufferNum": 1
      },
      "Balloon": {
        "FilePath": "Sound/SE/Balloon.wav",
        "BufferNum": 1
      }
    },
    "BGM": {

    }
  }
}